CUST_INTRL_ID|CUST_TYPE_CD|JRSDCN_CD|TOTAL_TURNOVER|TOTAL_IN|TOTAL_IN_CT|TOTAL_OUT|TOTAL_OUT_CT|TOTAL_SAVING|SAVING_RATIO|STDDEV_MONTHLY|STABLE_INCOME|DORMACY_MONTHS|CASH_IN_RATIO|CASH_OUT_RATIO|WIRE_IN_RATIO|WIRE_OUT_RATIO
1001|FIN|FINS|31510027|15765924.67|56.25|15744102.25|6.08|21822.420000000002|0|2.58|1|0|0.02|0|0.79|0.01
1002|FIN|FINS|19112|13166.67|0.58|5945|6.67|7221.67|0.38|1.96|0.8300000000000001|0|0|0.6900000000000001|1|0.08
1003|FIN|FINS|26318848|13235607.42|18|13083240.83|13.58|152366.58000000002|0.01|0.32|1|0|0.61|0.18|0.38|0.19
1004|FIN|FINS|97794612|64927307.62|21.67|32867304.79|12|32060002.82|0.33|1.22|0.8300000000000001|0|0.34|0|0.66|0.33
1005|FIN|FINS|19782|16362.5|0.25|3419.08|1|12943.42|0.65|2.04|0.92|0|0|0.31|0.24|0.12
1006|FIN|FINS|7074948|4047630.07|15.25|3027317.52|1|1020312.54|0.14|0.36|1|0|0.68|0|0.27|0
1007|FIN|FINS|89044180|89044179.83|0.08|0|0|89044179.83|1|0|0.08|9|0|0|1|0
1008|FIN|FINS|72600046|104420.58|1|72495624.95|412.5|-72391204.37|-1|0.4|1|0|0|0|0.17|0.23
1009|FIN|FINS|24352803|11684084.4|8.25|12668719.08|3.67|-984634.68|-0.04|0.8300000000000001|1|0|0.48|0.04|0.26|0.13
1010|FIN|FINS|1666667500|833334166.67|0.17|833333333.33|0.08|833.33|0|0|0.17|2|0|0|1|0
1011|FIN|FINS|417|416.67|0.08|0|0|416.67|1|0|0.08|5|0|0|0|0
1012|FIN|FINS|5505140|2682386.25|16.75|2822754|5.33|-140367.75|-0.03|0.46|1|0|0.06|0.98|0.62|0.01
1013|FIN|FINS|1773591|874124.8300000001|3.08|899466.5800000001|41.5|-25341.75|-0.01|0.36|1|0|0|0.06|0.12|0.36
1014|FIN|FINS|3891135|1841135.17|1.42|205e4|1.75|-208864.83000000002|-0.05|1.5|0.8300000000000001|0|0|0|0.5|0.11
1015|FIN|FINS|12666402|6325e3|5.33|6341402.25|87|-16402.25|0|0.41000000000000003|1|0|0|0|1|0.26
1016|FIN|FINS|224093|114959|0.67|109134|9.5|5825|0.03|1.42|0.67|0|0|0.54|0.93|0.14
1017|FIN|FINS|46704235|26957650|1.67|19746585.33|1.25|7211064.67|0.15|1.52|1|0|0|0|0.88|0.21
1018|FIN|FINS|31609|19125|0.33|12484.17|5.08|6640.83|0.21|1.3800000000000001|1|0|0|0.74|1|0.08
1019|FIN|FINS|34195781|16944604.94|21.5|17251176.17|10.58|-306571.23|-0.01|0.6900000000000001|1|0|0.17|0.29|0.54|0.3
1020|FIN|FINS|17978111|9069916.67|19.92|8908194.25|7.42|161722.42|0.01|1.16|1|0|0.99|0.19|0.01|0.4
1021|FIN|FINS|60833|0|0|60833.33|1.08|-60833.33|-1|1.23|0.67|0|0|0.51|0|0.48
1022|FIN|FINS|32610695|16395496.76|7.42|16215198.34|567.5|180298.42|0.01|0.49|1|0|0|0|0.99|0.43
1023|FIN|FINS|68816175|2665081.83|13.25|66151092.67|1.92|-63486010.83|-0.92|2.69|0.67|3|0|0.02|0.46|0.9400000000000001
1024|FIN|FINS|2500|2500|0.25|0|0|2500|1|0|0.08|10|0|0|0|0
1025|FIN|FINS|904|0|0|904.02|0.08|-904.02|-1|0|0.08|6|0|0|0|0
1026|FIN|FINS|42335354|34151.54|1.42|42301202.79|958.9200000000001|-42267051.25|-1|0.37|1|0|0|0|0.5|0.59
1027|FIN|FINS|171192|85833.33|1.17|85358.42|16.75|474.92|0|0.7000000000000001|1|0|0|0.36|0.47000000000000003|0.18
1028|FIN|FINS|86651541|58244768.48|4.67|28406772.41|7.67|29837996.06|0.34|1.96|0.67|0|0|0|0.96|0.32
1029|FIN|FINS|13943113|7124635.83|3.5|6818476.82|0.58|306159.01|0.02|1.67|0.92|0|0.53|0.06|0.47000000000000003|0.24
1030|FIN|FINS|32701010|201239.73|9.33|32499770.64|2226.67|-32298530.91|-0.99|0.64|1|0|0|0|0.26|0.5
1031|FIN|FINS|347350|0|0|347349.99|0.08|-347349.99|-1|0|0.08|3|0|0|0|0
1032|FIN|FINS|10840240|5249209.17|2.33|5591030.92|10.75|-341821.75|-0.03|1.24|1|0|0|0|0.87|0.36
1033|FIN|FINS|168420|68419.92|2.58|1e5|0.5|-31580.08|-0.19|0.85|0.92|0|0|0|0.61|0.59
1034|FIN|FINS|13387776|591697.51|9.83|12796078.28|4.5|-12204380.77|-0.91|1.59|0.75|0|0|0|0|0.9500000000000001
1035|FIN|FINS|7539347|3848554.33|2.67|3690792.42|4.92|157761.92|0.02|1.41|1|0|0|0|0.9400000000000001|0.3
1036|FIN|FINS|238501478|119332828.83|1440.75|119168649.08|735.83|164179.75|0|1.07|0.92|0|0|0|0|0.01
1037|FIN|FINS|6206460|3110241.75|18.92|3096217.75|7|14024|0|1.24|1|0|0.07|0.67|0.9|0.16
1038|FIN|FINS|32274134|32190892.75|198.33|83241.17|0.92|32107651.58|0.99|0.5|1|0|0.9500000000000001|0|0|0
1039|FIN|FINS|31080523|30023498.17|95.75|1057025.08|1.17|28966473.08|0.93|0.55|1|0|0.34|0.03|0.3|0
1040|FIN|FINS|16303244|8320994.08|6.25|7982249.92|7.83|338744.17|0.02|0.96|1|0|0.04|0.96|0.87|0
1041|FIN|FINS|192748|61700.92|0.5|131046.67|2.08|-69345.75|-0.36|0.47000000000000003|1|0|0.01|1|0.99|0
1042|FIN|FINS|370622813|370622812.5|0.17|0|0|370622812.5|1|0|0.08|3|0|0|0|0
1043|FIN|FINS|14209143|7201881.5|79.08|7007261.42|2.17|194620.08000000002|0.01|1.31|1|0|0.02|0|0|0.01
1044|FIN|FINS|142473628|142473627.92|0.08|0|0|142473627.92|1|0|0.08|10|0|0|1|0
1045|FIN|FINS|19777127|9877933.61|17.42|9899193.33|13.33|-21259.72|0|0.85|1|0|0.19|0.44|0.65|0.28
1046|FIN|FINS|2869834|1386750|1.33|1483083.67|1.58|-96333.67|-0.03|0.73|0.8300000000000001|1|0|0|0.14|0
1047|FIN|FINS|201711|91223.83|4.17|110487.25|5.25|-19263.420000000002|-0.1|0.9|1|0|0.72|0|0.04|0.46
1048|FIN|FINS|884810|452036.75|2.42|432773|13.5|19263.75|0.02|0.26|1|0|0|0|0.49|0.08
1049|FIN|FINS|10341582|4930786.63|7.83|5410795.67|6.67|-480009.03|-0.05|0.72|1|0|0.63|0.58|0.37|0.18
1050|FIN|FINS|6940707|3368516.32|8.67|3572191.08|9.75|-203674.76|-0.03|0.47000000000000003|1|0|0.04|0.8300000000000001|0.77|0.09
1051|FIN|FINS|19646|7187.5|0.42|12458.33|0.8300000000000001|-5270.83|-0.27|0.97|0.8300000000000001|0|0.59|1|0.41000000000000003|0
1052|FIN|FINS|6909470|367515.92|3.83|6541953.64|129.92000000000002|-6174437.73|-0.89|0.42|1|0|0|0|0|0.9500000000000001
1053|FIN|FINS|1|0.8300000000000001|0.08|0|0|0.8300000000000001|1|0|0.08|6|1|0|0|0
1054|FIN|FINS|32516|15470|1.25|17045.83|1.67|-1575.83|-0.05|1.24|0.92|0|0|0.77|0.53|0
1055|FIN|FINS|8343952|3709079.17|9.08|4634872.9|6|-925793.74|-0.11|0.96|0.8300000000000001|0|0.68|0.33|0.17|0.33
1056|FIN|FINS|8|8.33|0.08|0|0|8.33|1|0|0.08|10|1|0|0|0
1057|FIN|FINS|6207857|2975706.25|9.42|3232150.33|5.17|-256444.08000000002|-0.04|0.4|1|0|0.73|0.39|0.13|0.32
1058|FIN|FINS|238420591|180553919.22|2.83|57866671.99|45.67|122687247.23|0.51|1.99|0.67|0|0|0|0.98|0.18
1059|FIN|FINS|26152|17312.5|0.75|8839.92|1|8472.58|0.32|1.34|0.67|0|0|0.21|1|0.27
1060|FIN|FINS|117499212|59554856.15|6.67|57944355.67|3.33|1610500.48|0.01|1.3|1|0|0|0|0.08|0
1061|FIN|FINS|1667|1666.67|0.17|0|0|1666.67|1|0|0.17|2|0|0|0|0
1062|FIN|FINS|16965126|10324888.33|8.83|6640237.58|10.67|3684650.75|0.22|0.49|1|0|0.36|0.27|0.64|0
1063|FIN|FINS|120050383|61450941.69|14.5|58599440.98|2194|2851500.7199999997|0.02|0.8|1|0|0|0|0.97|0.33
1064|FIN|FINS|146380|79079.17|1.08|67300.67|3.08|11778.5|0.08|1.1400000000000001|0.92|0|0|0.23|1|0.22
1065|FIN|FINS|13551382|6792892.67|8.17|6758489.17|3.75|34403.5|0|0.51|1|0|0.98|0.1|0.01|0.4
1066|FIN|FINS|23740985|15098283.75|4.08|8642701.27|18.25|6455582.48|0.27|0.64|1|0|0|0|0|0.27
1067|FIN|FINS|52346309|24891763.72|3.25|27454545.34|128.75|-2562781.62|-0.05|0.42|0.8300000000000001|0|0|0|0|0.52
1068|FIN|FINS|4691997626|2309249923.76|11.58|2382747702.33|12.67|-73497778.58|-0.02|1.24|0.92|0|0|0|1|0.47000000000000003
1069|FIN|FINS|17047111|8610252.5|108.17|8436858.58|5.83|173393.92|0.01|0.86|1|0|0.8|0|0.2|0.24
1070|FIN|FINS|121242182|37416470.51|10.17|83825711.95|8.92|-46409241.44|-0.38|1.3|0.33|0|0|0|0.52|0.68
1071|FIN|FINS|9591674|4685955.75|3.42|4905717.92|151.92000000000002|-219762.17|-0.02|0.21|1|0|0|0|1|0.14
1072|FIN|FINS|338484865|212525063.85|780.75|125959800.78|17.75|86565263.07|0.26|0.79|1|0|0.62|0|0.21|0.08
1073|FIN|FINS|1672315|659901.08|0.58|1012413.75|26.080000000000002|-352512.67|-0.21|0.98|0.67|4|0|0|0.05|0.24
1074|FIN|FINS|14052|8515.42|0.58|5536.67|2|2978.75|0.21|1.06|0.92|0|0.04|0.87|0.96|0.05
1075|FIN|FINS|625248762|273360653.99|4.5|351888107.52|4.58|-78527453.54|-0.13|0.91|1|0|0|0|0.5700000000000001|0.56
1076|FIN|FINS|18530340|12153127.19|5.42|6377212.66|3.58|5775914.53|0.31|0.89|1|0|0|0|0.97|0
1077|FIN|FINS|5861411297|3387001282.23|5.67|2474410015.05|6.75|912591267.19|0.16|0.85|0.8300000000000001|0|0|0|1|0.19
1078|FIN|FINS|56442|56442.42|0.8300000000000001|0|0|56442.42|1|0.29|0.75|3|1|0|0|0
1079|FIN|FINS|45811006|22982055.14|6.5|22828950.8|809.4200000000001|153104.35|0|1.01|1|0|0|0|1|0.25
1080|FIN|FINS|2537244|1573284.48|23.25|963959.75|4.33|609324.73|0.24|1.07|1|0|0|0|0.06|0.02
1081|FIN|FINS|24584296|11806335.75|85.58|12777960.08|3.17|-971624.3300000001|-0.04|0.5|1|0|0.81|0|0.16|0.4
1082|FIN|FINS|22262481|11257586.42|103.67|11004895|2.33|252691.42|0.01|0.36|1|0|0.8|0|0.18|0.24
1083|FIN|FINS|77465929|38264577.42|18|39201351.42|17|-936774|-0.01|0.5|1|0|0|0.1|0.98|0.45
1084|FIN|FINS|21833565|11402978.58|5.67|10430586.83|12|972391.75|0.04|1.34|0.58|0|0.5|0|0.5|0.28
1085|FIN|FINS|2511|115.67|0.08|2395.08|0.17|-2279.42|-0.91|1.1500000000000001|0.17|0|0|0|0|0
1086|FIN|FINS|32523099|17848559.29|3.92|14674540.2|43.75|3174019.1|0.1|0.64|1|0|0|0|0|0.45
1087|FIN|FINS|41120980|19819548.33|17.17|21301432|1860.83|-1481883.67|-0.04|0.84|1|0|0|0|1|0.36
1088|FIN|FINS|9059298|4579960.92|3.42|4479337.5|12.92|100623.42|0.01|0.51|0.5|0|0.05|0.9500000000000001|0.9500000000000001|0
1089|FIN|FINS|83|83.33|0.08|0|0|83.33|1|0|0.08|11|1|0|0|0
1090|FIN|FINS|365501320|174612834.64|15.92|190888485.19|18.830000000000002|-16275650.55|-0.04|0.23|1|0|0|0.92|0.33|0.03
1091|FIN|FINS|518260732|298141496.1|31.92|220119236.36|342.17|78022259.74|0.15|0.15|1|0|0|0|0.98|0.42
1092|FIN|FINS|25518626|12841355.33|114.58|12677271.08|6.83|164084.25|0.01|0.48|1|0|0.8200000000000001|0|0.18|0.49
1093|FIN|FINS|24054145|11856721.83|7.58|12197423.5|235.67000000000002|-340701.67|-0.01|0.22|1|0|0|0|1|0.44
1094|FIN|FINS|10202120|4752120|4|545e4|2.83|-697880|-0.07|0.54|1|0|0.44|0.5700000000000001|0.56|0.05
1095|FIN|FINS|1267012|633780.83|4.58|633230.83|4.08|550|0|0.64|1|0|0|0.27|1|0.35000000000000003
1096|FIN|FINS|29214|14907.08|0.8300000000000001|14306.58|2.92|600.5|0.02|0.87|0.92|0|0|0.71|1|0.09
1097|FIN|FINS|297299|118487.58|2.58|178811.83000000002|2.08|-60324.25|-0.2|1.1300000000000001|0.75|0|0.06|0|0.37|0.25
1098|FIN|FINS|2718935|1364698.75|227.58|1354236.33|39.83|10462.42|0|0.6900000000000001|0.33|0|0.49|1|0.51|0
1099|FIN|FINS|80348765|80348765.25|0.17|0|0|80348765.25|1|0.16|0.17|9|0|0|1|0
1100|FIN|FINS|34162841|17127831.47|411.92|17035009.39|377.92|92822.08|0|0.77|1|0|0.58|0.08|0.42|0.1
1101|FIN|FINS|2710093|907573.3300000001|4.25|1802520|3.08|-894946.67|-0.33|1.48|0.42|7|0.01|0|0.99|0.39
1102|FIN|FINS|22583859|12833496.75|11.42|9750362|26.92|3083134.75|0.14|0.27|1|0|0.26|0.8200000000000001|0.62|0
1103|FIN|FINS|8605143|3903037.92|8.5|4702105.08|11.92|-799067.17|-0.09|0.67|1|0|0.33|0.88|0.48|0.07
1104|FIN|FINS|6358656088|3419994974.56|34.67|2938661113.37|17|481333861.19|0.08|1.07|1|0|0|0|0.43|0.21
1105|FIN|FINS|57459699|29716666.67|5.08|27743032.64|16.5|1973634.03|0.03|0.67|1|0|0|0|0|0.48
1106|FIN|FINS|40919498|20587042.17|72.67|20332456.08|10.42|254586.08000000002|0.01|1.33|1|0|0.01|0|0.01|0.37
1107|FIN|FINS|17912651|9223431.92|314.17|8689219.17|231.75|534212.75|0.03|0.55|1|0|0.55|0.81|0.45|0.07
1108|FIN|FINS|8241237|3472143|5.08|4769094.25|8.5|-1296951.25|-0.16|0.49|0.92|0|0.07|0.87|0.46|0.07
1109|FIN|FINS|118892512|59285552.93|137|59606959.35|195.5|-321406.42|0|0.32|1|0|0.37|0|0.25|0.02
1110|FIN|FINS|3539780|1842997|50.33|1696783.3900000001|12.08|146213.61000000002|0.04|0.52|1|0|0.49|0|0.45|0.4
1111|FIN|FINS|20158|10079.130000000001|0.08|10079.130000000001|0.08|0|0|0|0.08|7|0|0|0|0
1112|FIN|FINS|111838561|74156086.87|11.5|37682474.55|141.25|36473612.32|0.33|0.54|1|0|0|0|0|0.33
1113|FIN|FINS|3856897|3833068.67|75.5|23828.760000000002|0.42|3809239.9|0.99|0.41000000000000003|1|0|0.07|0|0.06|0
1114|FIN|FINS|10903485|5489768.84|8.08|5413716.25|8.42|76052.59|0.01|0.58|1|0|0.1|0.84|0.8200000000000001|0.08
1115|FIN|FINS|399644|191666.67|0.5|207977.5|5.83|-16310.83|-0.04|0.5|1|0|0|0.06|0.74|0.49
1116|FIN|FINS|137538816|13294972.91|9|124243843.16|68.17|-110948870.25|-0.81|1.82|1|0|0|0.01|0.48|0.88
1117|FIN|FINS|212097|52255.08|1.25|159842|11.75|-107586.92|-0.51|0.99|1|0|0.01|0.56|0.97|0.01
1118|FIN|FINS|5|0|0|4.63|0.08|-4.63|-1|0|0.08|10|0|1|0|0
1119|FIN|FINS|8375417|0|0|8375416.79|0.17|-8375416.79|-1|1.4000000000000001|0.17|1|0|0|0|1
1120|FIN|FINS|23654584|11940133.13|36.83|11714451.29|13.42|225681.83000000002|0.01|0.87|1|0|0.78|0.4|0.11|0.29
1121|FIN|FINS|64142843|32071726.83|1.17|32071116.58|1.08|610.25|0|0.53|1|0|0|0|1|0
1122|FIN|FINS|289423118|270625303.68|1916|18797814.08|2.67|251827489.59|0.87|0.62|1|0|0.03|0|0.36|0.06
1123|FIN|FINS|11863176|5834842.57|10.25|6028333.33|12|-193490.76|-0.02|0.3|1|0|0.33|0.71|0.67|0.15
1124|FIN|FINS|2461582|1653536.67|0.92|808045.42|10|845491.25|0.34|2.21|1|0|0|0|0.01|0.07
1125|FIN|FINS|325667|163291.58000000002|1.58|162375|3.67|916.58|0|0.22|0.92|0|0|1|0|0
1126|FIN|FINS|16892|8141.92|1.42|8750|0.25|-608.08|-0.04|0.73|0.42|0|0|1|1|0
1127|FIN|FINS|10068774|4718205.23|79.67|5350569|6.83|-632363.77|-0.06|0.46|1|0|0.06|0.76|0.37|0.12
1128|FIN|FINS|55254|37182.5|0.8300000000000001|18071.670000000002|3.58|19110.83|0.35000000000000003|1.44|0.75|0|0|0.14|1|0.22
1129|FIN|FINS|1794928|916659|2.08|878269.42|32.92|38389.58|0.02|0.98|1|0|0|0|0.15|0.22
1130|FIN|FINS|5864132|2928169.33|6.67|2935962.33|407.92|-7793|0|0.8|1|0|0.01|0|0.59|0.49
1131|FIN|FINS|3078584|1354166.67|4.58|1724417.81|3.58|-370251.15|-0.12|0.8|1|0|1|0.19|0|0.45
1132|FIN|FINS|280421|173921.08000000002|3.25|106500|0.17|67421.08|0.24|1.9000000000000001|0.8300000000000001|1|0|0|0.98|0.38
1133|FIN|FINS|750|750|0.75|0|0|750|1|0|0.08|11|0|0|0.33|0
1134|FIN|FINS|625425622|312712954.58|30.92|312712667.08|37.33|287.5|0|0.32|1|0|0|0|0.97|0.14
1135|FIN|FINS|93432427|86159967.25|108|7272459.83|0.92|78887507.42|0.84|0.78|1|0|0|0|0.04|0.02
1136|FIN|FINS|1068608513|82300181.29|201.42000000000002|986308331.37|226.75|-904008150.07|-0.85|1.17|1|0|0|0|0.22|0.53
1137|FIN|FINS|1341667|341666.67|0.17|1e6|0.25|-658333.33|-0.49|1.1300000000000001|0.25|3|0|0|0.02|0
1138|FIN|FINS|454403|233333.33000000002|0.5|221069.92|4.17|12263.42|0.03|0.56|1|0|0|0|0|0.45
1139|FIN|FINS|689828477|447731811.37|1.75|242096665.45|0.92|205635145.93|0.3|0.9500000000000001|0.42|0|0|0|1|0.35000000000000003
1140|FIN|FINS|55746798|55746798.25|0.17|0|0|55746798.25|1|0|0.08|10|0|0|1|0
1141|FIN|FINS|184934053|143038764.11|30.580000000000002|41895289.05|219.83|101143475.06|0.55|0.54|1|0|0|0|0|0.22
1142|FIN|FINS|7523|2523.33|0.5|5e3|0.17|-2476.67|-0.33|1.03|0.5|1|0.66|0.67|0.34|0
1143|FIN|FINS|99328544|52444201.58|7.83|46884342.67|344.75|5559858.92|0.06|0.42|1|0|0|0.01|1|0.38
1144|FIN|FINS|17664276|8422017.67|20.080000000000002|9242258.5|6.42|-820240.8300000001|-0.05|0.79|1|0|0.9500000000000001|0.12|0.02|0.45
1145|FIN|FINS|31083656|19103624.79|27.92|11980030.92|28.67|7123593.88|0.23|0.75|1|0|0.01|0.05|0.23|0.14
1146|FIN|FINS|37949798|18895126.84|64.08|19054671.59|4.08|-159544.75|0|0.76|1|0|0.93|0|0.06|0.23
1147|FIN|FINS|2933597|1135798.58|12.17|1797798.5899999999|1.25|-662000.01|-0.23|0.98|0.92|1|0.01|0|0.24|0.11
1148|FIN|FINS|8904166|4469484.1|4.67|4434682.35|293.83|34801.75|0|1.1300000000000001|1|0|0|0|1|0.5
1149|FIN|FINS|5609142|3010327.48|2.67|2598814.25|4|411513.23|0.07|0.36|0.42|0|0|0.99|1|0
1150|FIN|FINS|5196051|2789641.25|6.17|2406409.58|4.17|383231.67|0.07|0.77|0.8300000000000001|0|0.93|0.32|0.06|0.01
1151|FIN|FINS|89593|67687.67|0.08|21905.08|1|45782.58|0.51|1.75|0.5|0|0|0.54|1|0.11
1152|FIN|FINS|124166717|30833333.33|0.92|93333383.33|3|-62500050|-0.5|0.73|0.33|1|0|0|0|0.62
1153|FIN|FINS|6776208|3384141.83|2.17|3392066|160.75|-7924.17|0|0.81|1|0|0|0|0.9500000000000001|0.28
1154|FIN|FINS|1667|1666.67|0.08|0|0|1666.67|1|0|0.08|2|0|0|0|0
1155|FIN|FINS|833|833.33|0.08|0|0|833.33|1|0|0.08|0|0|0|1|0
1156|FIN|FINS|54104611|27084166.67|0.17|27020444.33|0.25|63722.33|0|0|0.08|0|0|0|1|0.5
1157|FIN|FINS|12462246|5937517.87|12|6524728.33|5.5|-587210.46|-0.05|0.7000000000000001|1|0|0.8200000000000001|0.26|0.18|0.39
1158|FIN|FINS|1501894332|755112633.72|54.33|746781698.76|28549.5|8330934.95|0.01|0.21|1|0|0|0|0.78|0.5
1159|FIN|FINS|17079955|8715700|22.25|8364255.17|7|351444.83|0.02|0.63|1|0|0.84|0.18|0.13|0.4
1160|FIN|FINS|83251798|41523443.58|61.58|41728354.06|70.42|-204910.48|0|1.31|1|0|0|0|1|0.1
1161|FIN|FINS|83655|22637.58|0.25|61017.25|0.75|-38379.67|-0.46|1.11|0.42|1|0|0.19|1|0.28
1162|FIN|FINS|59023320|29431067.82|10.58|29592252.44|2350.75|-161184.61000000002|0|0.96|1|0|0|0|0.68|0.28
1163|FIN|FINS|1|0.8300000000000001|0.08|0|0|0.8300000000000001|1|0|0.08|5|1|0|0|0
1164|FIN|FINS|7628217|3483013.5|22.830000000000002|4145203.58|6.92|-662190.08|-0.09|1.6400000000000001|1|0|0.62|0.07|0.38|0.47000000000000003
1165|FIN|FINS|74867|37814.17|4.58|37052.42|1.25|761.75|0.01|0.42|1|0|0|1|0.24|0
1166|FIN|FINS|13191520|6546224.5|5.17|6645295.67|3.58|-99071.17|-0.01|1.12|1|0|0.39|0.36|0.28|0
1167|FIN|FINS|2611826|1355558.71|3.92|1256267|3.83|99291.71|0.04|0.58|1|0|0.66|0.5|0.31|0.24
1168|FIN|FINS|1325433|521159.41000000003|44.25|804274|26|-283114.59|-0.21|1.1400000000000001|1|0|0.58|0.35000000000000003|0.39|0.34
1169|FIN|FINS|4619350737|2268473236.76|491.83|2350877500|20|-82404263.24|-0.02|0.5|0.67|4|0.42|0|0.58|0
1170|FIN|FINS|6546189|3926213.77|63.75|2619975.31|1.92|1306238.46|0.2|1.32|1|0|0.71|0|0.27|0.34
1171|FIN|FINS|57525|33691.95|0.5|23833.33|0.42|9858.62|0.17|0.31|0.42|3|0.25|0.65|0|0
1172|FIN|FINS|25522306|12701472.5|4.08|12820833.33|6.33|-119360.83|0|0.46|1|0|0.02|0.99|0.98|0
1173|FIN|FINS|7921717|4093038.5|42.42|3828678|39.33|264360.5|0.03|0.68|0.75|0|0.46|0.98|0.5|0
1174|FIN|FINS|229|0|0|228.5|0.25|-228.5|-1|0.12|0.25|9|0|0|0|1
1175|FIN|FINS|1847594|1847594.17|3|0|0|1847594.17|1|0.96|0.92|0|0|0|0.98|0
1176|FIN|FINS|5380763|2797379.73|2.33|2583383.58|0.5|213996.15|0.04|2.32|0.5|0|0.02|0|0.93|0.47000000000000003
1177|FIN|FINS|833|833.33|0.08|0|0|833.33|1|0|0.08|0|0|0|0|0
1178|FIN|FINS|742029|352781.83|1.92|389246.92|4.75|-36465.08|-0.05|0.52|1|0|0|0.2|0.01|0.21
1179|FIN|FINS|8568270|4255932.92|4.58|4312337.5|2.92|-56404.58|-0.01|0.67|1|0|0.97|0.3|0.02|0.35000000000000003
1180|FIN|FINS|9104984|4065204.5|4.33|5039779.67|7.08|-974575.17|-0.11|0.72|1|0|0.73|0.73|0.27|0.15
1181|FIN|FINS|96278820|46929446.33|67.42|49349373.92|4|-2419927.58|-0.03|0.51|1|0|0.8|0|0.07|0.4
1182|FIN|FINS|3279581801|196076e4|4|1318821800.52|3.33|641938199.48|0.2|0.86|0.92|0|0|0|0.99|0.4
1183|FIN|FINS|51523952|26154696.42|60.17|25369255.83|9.42|785440.5800000001|0.02|0.58|1|0|0.97|0|0.03|0.49
1184|FIN|FINS|34681972|17634646.15|4.42|17047325.45|1327.92|587320.71|0.02|0.8300000000000001|1|0|0|0|0.23|0.4
1185|FIN|FINS|25074449|13182671.42|16|11891777.5|41.17|1290893.92|0.05|0.37|1|0|0.12|0.41000000000000003|0.65|0.07
1186|FIN|FINS|839196|430508.17|0.5|408688.08|7.08|21820.08|0.03|0.92|0.8300000000000001|1|0|0.63|0|0.01
1187|FIN|FINS|916851|866800.2000000001|0.33|50051.04|0.17|816749.17|0.89|1.16|0.33|2|0|0|0|0.05
1188|FIN|FINS|40555177|19709613.33|9.92|20845563.92|11.5|-1135950.58|-0.03|0.38|1|0|0.25|0.63|0.07|0.14
1189|FIN|FINS|1598483371|759495528.16|41.67|838987842.75|57.33|-79492314.59|-0.05|0.2|1|0|0.06|0.8300000000000001|0.34|0.08
1190|FIN|FINS|65857|26.080000000000002|0.08|65831|10.83|-65804.92|-1|1.07|1|0|0|0|1|0.02
1191|FIN|FINS|28674611|14516277.5|5.33|14158333.33|7.17|357944.17|0.01|0.41000000000000003|1|0|0.25|0.76|0.75|0
1192|FIN|FINS|26222233|13723819.46|98.5|12498413.21|4.08|1225406.25|0.05|0.52|1|0|0.84|0|0.16|0.24
1193|FIN|FINS|3401981|54791.67|10|3347189.33|1.25|-3292397.67|-0.97|1.2|0.8300000000000001|0|0.27|0|0.42|0
1194|FIN|FINS|474649|302083.33|0.8300000000000001|172566.15|1.42|129517.18000000001|0.27|0.77|0.5|0|0|0|0.1|0.36
1195|FIN|FINS|61517129|58729885.25|0.33|2787243.25|0.08|55942642|0.91|0|0.08|2|0|0|0|0
1196|FIN|FINS|5854280|2535006.58|5.5|3319273.42|8.17|-784266.8300000001|-0.13|2.07|1|0|0.29|0.21|0.22|0.21
1197|FIN|FINS|4986086|2291627.42|3.25|2694458.33|4.92|-402830.92|-0.08|0.59|1|0|0.32|0.58|0.64|0.22
1198|FIN|FINS|3343657455|2315625462.67|3981.33|1028031992.14|896.33|1287593470.53|0.39|0.22|1|0|0.08|0|0.84|0.3
1199|FIN|FINS|77674|40568.33|0.92|37105.75|5.08|3462.58|0.04|1.05|1|0|0|0.77|1|0
1200|FIN|FINS|4812329|2394792.83|4.75|2417536.25|28.25|-22743.420000000002|0|0.9500000000000001|1|0|0|0.13|0.36|0.12
1201|FIN|FINS|14054735|7342235|16.25|6712500|4.25|629735|0.04|0.55|1|0|0.99|0.1|0.01|0.43
1202|FIN|FINS|3027494681|1459384335.26|1760|1568110345.53|1594|-108726010.27|-0.04|0.19|1|0|0.13|0.23|0.75|0.08
1203|FIN|FINS|28540487|618728.58|8.5|27921758.01|257.25|-27303029.42|-0.96|0.54|1|0|0.78|0|0.05|0.01
1204|FIN|FINS|28119281|14110110.14|31.92|14009170.89|87.5|100939.25|0|0.58|1|0|0|0|0.1|0.37
1205|FIN|FINS|6051970|2783086.25|8.67|3268883.33|4.33|-485797.08|-0.08|0.7000000000000001|0.75|3|0.85|0.26|0.09|0.4
1206|FIN|FINS|6350624|3249667.25|5.92|3100957|72.83|148710.25|0.02|0.67|0.5|0|0.28|0.96|0.71|0
1207|FIN|FINS|5442499|2611479.5|6|2831019.92|5.92|-219540.41|-0.04|0.66|1|0|0.14|0.49|0.76|0.23
1208|FIN|FINS|185037|97642.67|7.5|87394.5|5.83|10248.17|0.06|0.55|1|0|0.3|0.1|0.6900000000000001|0.26
1209|FIN|FINS|4248314|1954234|4.75|2294079.75|7.67|-339845.75|-0.08|0.46|1|0|0.48|0.81|0.51|0.07
1210|FIN|FINS|405351886|194008870.67|161|211343015.2|28.830000000000002|-17334144.53|-0.04|0.55|1|0|0.77|0|0.12|0.52
1211|FIN|FINS|12891426|6418442.62|14.83|6472983.05|16.75|-54540.44|0|0.9500000000000001|1|0|0.01|0|0.15|0.31
1212|FIN|FINS|217007534|130970371.18|22|86037163.17|143.92000000000002|44933208.01|0.21|0.6|1|0|0|0|0|0.4
1213|FIN|FINS|41886476|2284854.75|1.58|39601620.75|154.08|-37316766|-0.89|1.87|1|0|0|0|0.77|0.21
1214|FIN|FINS|438933|46008.25|1.83|392924.25|5.08|-346916|-0.79|0.49|1|0|0|0|0.04|0.9
1215|FIN|FINS|55914351|28251833.22|0.75|27662517.37|6.92|589315.86|0.01|2.2800000000000002|1|0|0|0|0|0.49
1216|FIN|FINS|53882|16506.08|0.17|37376.33|0.92|-20870.25|-0.39|0.32|0.17|5|0|0.5|1|0.35000000000000003
1217|FIN|FINS|10031250|4968750|8.83|5062500|1.42|-93750|-0.01|0.42|1|0|0.98|0.05|0.02|0.48
1218|FIN|FINS|22598327|11293497.77|2.25|11304829.44|2.33|-11331.67|0|0.28|1|0|0|0|0.9400000000000001|0
1219|FIN|FINS|37968816|24433110.2|1.83|13535705.33|2.5|10897404.87|0.29|2.08|1|0|0|0|1|0.36
1220|FIN|FINS|21274305|9793072.92|13.67|11481231.83|11.5|-1688158.92|-0.08|1.12|1|0|0.5700000000000001|0.36|0.39|0.34
1221|FIN|FINS|34561|16709.920000000002|0.58|17851.5|1.17|-1141.58|-0.03|0.71|0.5|0|0|0|0.31|0.41000000000000003
1222|FIN|FINS|10503210|5213665.17|40.67|5289545.31|7.08|-75880.15000000001|-0.01|0.71|1|0|0.73|0|0.25|0.5
1223|FIN|FINS|2694382|910191.42|28.42|1784190.83|74.58|-873999.42|-0.32|0.72|1|0|0.18|0.27|0.74|0.15
1224|FIN|FINS|15437420|7758253.33|2.75|7679166.67|3.25|79086.67|0.01|0.81|0.92|0|0.3|0.89|0.7000000000000001|0.02
1225|FIN|FINS|43723362|12673.75|0.25|43710688.34|127.33|-43698014.59|-1|1.9100000000000001|1|0|0|0|1|0.93
1226|FIN|FINS|37709183|18875833.33|0.17|18833350|0.25|42483.33|0|0|0.08|0|0|0|1|0.5
1227|FIN|FINS|66294780|32878112.83|32.83|33416666.67|2.58|-538553.83|-0.01|0.81|1|0|0|0|0.98|0.42
1228|FIN|FINS|32689580|405882.27|10.92|32283697.27|2974.83|-31877815|-0.98|0.93|1|0|0|0|0.06|0.52
1229|FIN|FINS|23909808|11994274.12|478|11915534|308.83|78740.12|0|0.17|1|0|0.8|0.99|0.2|0
1230|FIN|FINS|85095502|42607916.93|10.5|42487585.05|1778.83|120331.89|0|0.97|1|0|0|0|0.71|0.24
1231|FIN|FINS|1465204|104250|0.25|1360954.17|7.33|-1256704.17|-0.86|0.88|1|0|0|0.5|0|0.26
1232|FIN|FINS|45841|30756.31|37.58|15084.75|1.5|15671.56|0.34|1.17|1|0|0.44|1|0.55|0
1233|FIN|FINS|1022842983|503566159|33.5|519276824.38|151.5|-15710665.37|-0.02|0.55|1|0|0|0|0.64|0.14
1234|FIN|FINS|33750833|33750833.33|0.42|0|0|33750833.33|1|0|0.08|0|0|0|1|0
1235|FIN|FINS|1500|166.67000000000002|0.08|1333.33|0.08|-1166.67|-0.78|1.1|0.17|6|0|1|0|0
1236|FIN|FINS|3757|3757.19|0.17|0|0|3757.19|1|0|0.08|1|0|0|1|0
1237|FIN|FINS|12986551|6194830.91|8.42|6791720.42|8.83|-596889.51|-0.05|0.63|1|0|0.53|0.49|0.41000000000000003|0.27
1238|FIN|FINS|565482579|281517363.67|22.75|283965215.12|31.25|-2447851.45|0|2.2800000000000002|0.67|0|0|0|0.73|0.49
1239|FIN|FINS|221966653|14735797.92|85.5|207230854.92|101.42|-192495057|-0.87|0.39|1|0|0|0|0.91|0.42
1240|FIN|FINS|125000150|0|0|125000150|0.42|-125000150|-1|1.73|0.25|0|0|0|0|0
1241|FIN|FINS|23204306|11303328.22|6.67|11900977.89|909.08|-597649.67|-0.03|0.62|1|0|0|0|0.5|0.32
1242|FIN|FINS|2304961|1223004.4|7.83|1081956.67|1.75|141047.74|0.06|0.6|1|0|0.54|0.31|0.08|0.32
1243|FIN|FINS|24376610|12058365.03|25.42|12318244.89|11.58|-259879.86000000002|-0.01|0.54|1|0|0.26|0.32|0.6900000000000001|0.34
1244|FIN|FINS|8288231|3798955.5|6.58|4489275.75|9.33|-690320.25|-0.08|0.6|1|0|0.48|0.6|0.5|0.22
1245|FIN|FINS|6027879|274683.45|1.33|5753196.04|72.67|-5478512.59|-0.91|0.49|0.42|0|0|0|0|0.9500000000000001
1246|FIN|FINS|675e4|3375e3|2|3375e3|4.58|0|0|0.8300000000000001|0.92|0|0.11|0.88|0.89|0
1247|FIN|FINS|40297|40296.85|2.08|0|0|40296.85|1|0.31|0.8300000000000001|0|0|0|1|0
1248|FIN|FINS|848283749|693550748.57|58.75|154733000.41|2420|538817748.16|0.64|0.65|0.92|1|0|0|0.01|0.18
1249|FIN|FINS|3513351|1835851.42|7.67|1677500|4.42|158351.42|0.05|0.78|1|0|0.6|0.7000000000000001|0.34|0.14
1250|FIN|FINS|14221018|7422098.11|11.92|6798919.58|6.33|623178.53|0.04|0.7000000000000001|1|0|0.97|0.39|0|0.29
1251|FIN|FINS|81504756|39669858.42|17.42|41834897.75|23.830000000000002|-2165039.33|-0.03|0.55|1|0|0.13|0.66|0.78|0.16
1252|FIN|FINS|54060857|26883596.33|28.67|27177260.83|13.92|-293664.5|-0.01|0.66|1|0|0.29|0.19|0.09|0.03
1253|FIN|FINS|91810|47289.42|0.5|44520.25|2.25|2769.17|0.03|1.75|0.67|3|0.13|0.07|0|0.44
1254|FIN|FINS|28621536|17763297.34|1.17|10858238.5|0.5|6905058.84|0.24|0.67|0.33|0|0|0|1|0.38
1255|FIN|FINS|1722688635|1012707303.81|3.5|709981331|1.92|302725972.81|0.18|0.42|0.75|0|0|0|0.96|0.27
1256|FIN|FINS|71975|36060.58|3.08|35914|1.17|146.58|0|0.47000000000000003|1|0|0.05|1|0.9500000000000001|0
1257|FIN|FINS|416667|416666.67|0.08|0|0|416666.67|1|0|0.08|0|0|0|1|0
1258|FIN|FINS|27038172|13908605.58|33.92|13129566.67|12.42|779038.92|0.03|0.74|1|0|0.9400000000000001|0.24|0.03|0.31
1259|FIN|FINS|3762889|2922245.56|2.25|840643.42|1.25|2081602.14|0.55|1.73|0.92|0|0|0|0.85|0.02
1260|FIN|FINS|9709302|4882126.67|12.58|4827175|4.83|54951.67|0.01|1|1|0|0.9400000000000001|0.31|0.06|0.34
1261|FIN|FINS|186775518|159078929|30.42|27696588.83|367.08|131382340.17|0.7000000000000001|0.58|1|0|0|0|0.92|0
1262|FIN|FINS|1766436|715456.33|10.5|1050979.25|0.67|-335522.92|-0.19|1.34|0.8300000000000001|2|0.05|0|0.05|0.59
1263|FIN|FINS|52878937|40008728.58|6.17|12870208.78|41.58|27138519.8|0.51|0.46|1|0|0|0|0|0.24
1264|FIN|FINS|51363028|31216038.83|389.75|20146988.83|127.5|11069050|0.22|0.65|1|0|0.49|0.29|0.51|0.05
1265|FIN|FINS|49033300|25031452.73|45.42|24001846.92|15.67|1029605.81|0.02|0.42|1|0|0.02|0.51|0.31|0.08
1266|FIN|FINS|8815714|4440083.33|10.5|4375630.67|7.42|64452.67|0.01|0.67|1|0|0.78|0.22|0.22|0.1
1267|FIN|FINS|1342576|656165.25|2.5|686411|13.92|-30245.75|-0.02|0.61|1|0|0|0.24|1|0.1
1268|FIN|FINS|101282684|49965630.17|17.5|51317053.83|379.75|-1351423.67|-0.01|0.33|1|0|0|0|1|0.16
1269|FIN|FINS|8|8.33|0.08|0|0|8.33|1|0|0.08|1|1|0|0|0
1270|FIN|FINS|2912311|1546586.9|6.92|1365723.62|63.42|180863.28|0.06|0.26|1|0|0|0|0.99|0.09
1271|FIN|FINS|10843632|5067011.17|10|5776621|5.67|-709609.84|-0.07|0.4|0.67|4|0.73|0.22|0.26|0.41000000000000003
1272|FIN|FINS|23666272|11555437.42|10.58|12110834.58|67.42|-555397.17|-0.02|0.49|1|0|0|0|0.35000000000000003|0.29
1273|FIN|FINS|13520477|6751457.5|24.67|6769019.67|5.67|-17562.170000000002|0|0.45|1|0|0.01|0|0.31|0.5
1274|FIN|FINS|22895928|10904599.86|6.08|11991328.36|725.67|-1086728.5|-0.05|0.75|1|0|0.01|0|0.32|0.38
1275|FIN|FINS|252141640|183306.24|1|251958333.33|0.58|-251775027.09|-1|2.62|0.58|0|0|0|0|1
1276|FIN|FINS|4167|2083.33|0.08|2083.33|0.08|0|0|0|0.08|2|0|1|1|0
1277|FIN|FINS|856192|407312.45|1.25|448879.75|14.42|-41567.3|-0.05|0.53|1|0|0|0|0.67|0.33
1278|FIN|FINS|27194793|13313484.92|9.17|13881308.33|8.92|-567823.42|-0.02|0.44|1|0|0.31|0.81|0.6900000000000001|0.02
1279|FIN|FINS|30693|24250|0.5|6442.5|7.08|17807.5|0.58|1.83|1|0|0|0.43|1|0.1
1280|FIN|FINS|252311|0|0|252311.24000000002|0.17|-252311.24000000002|-1|0|0.08|11|0|0|0|0
1281|FIN|FINS|3857840|1949878.33|3.25|1907961.7000000002|14.25|41916.64|0.01|0.61|1|0|0.07|0.96|0.92|0.02
1282|FIN|FINS|16559735|8300583.5|10.67|8259151.25|5.83|41432.25|0|0.74|1|0|0|0|0.67|0.33
1283|FIN|FINS|219666|117610.42|5.58|102055.75|6|15554.67|0.07|0.33|1|0|0|0.71|0.55|0.05
1284|FIN|FINS|71922841|37881608.91|404.92|34041231.92|249.92000000000002|3840376.99|0.05|0.41000000000000003|1|0|0.29|0.63|0.63|0.16
1285|FIN|FINS|66510973|33926323.34|22.830000000000002|32584650|13.58|1341673.34|0.02|0.78|1|0|0.53|0.5|0.47000000000000003|0.01
1286|FIN|FINS|147213|73337.92|5.25|73875|8.17|-537.08|0|1.12|1|0|0.01|0.2|0.99|0.23
1287|FIN|FINS|5988645|3023444.75|4.17|2965200.5|5.5|58244.25|0.01|0.58|0.5|0|0.34|1|0.66|0
1288|FIN|FINS|140718|113490.92|2.17|27226.670000000002|0.17|86264.25|0.61|0.7000000000000001|0.92|0|0|0|0.22|0
1289|FIN|FINS|28676416|19465619.5|12.58|9210796.67|2.92|10254822.83|0.36|0.91|1|0|0.44|0|0.56|0.01
1290|FIN|FINS|132363698|64488365.33|65.42|67875332.48|29.330000000000002|-3386967.16|-0.03|0.43|1|0|0|0.01|0.98|0.49
1291|FIN|FINS|1058747|523041.58|3.58|535705.08|8.17|-12663.5|-0.01|0.44|1|0|0.04|0.07|0.96|0.41000000000000003
1292|FIN|FINS|12757182|11767287.54|44.33|989894|2.58|10777393.54|0.84|1.24|1|0|0.42|0|0|0
1293|FIN|FINS|230621029|171406635.07|12.92|59214394.28|165.67000000000002|112192240.79|0.49|0.34|1|0|0|0|0|0.25
1294|FIN|FINS|560727162|281537265.25|24.830000000000002|279189897.07|16.92|2347368.18|0|0.43|1|0|0|0|0.5|0.23
1295|FIN|FINS|182074752|88869206.51|280.58|93205545.23|32|-4336338.72|-0.02|0.55|1|0|0.59|0|0.26|0.51
1296|FIN|FINS|3926808|1919827.92|10.42|2006979.75|7.33|-87151.83|-0.02|0.43|1|0|0.29|0.7000000000000001|0.38|0.02
1297|FIN|FINS|25605463|12436915.33|46.17|13168547.33|4|-731632|-0.03|0.75|1|0|0.9500000000000001|0|0.05|0.32
1298|FIN|FINS|4185216703|3024166917.07|71.75|1161049786.29|12079.83|1863117130.78|0.45|0.14|1|0|0|0|0.03|0.28
1299|FIN|FINS|500322|220603.42|0.92|279718.08|10.42|-59114.67|-0.12|0.62|1|0|0|0.14|1|0.4
1300|FIN|FINS|417|416.67|0.08|0|0|416.67|1|0|0.08|9|0|0|0|0
1301|FIN|FINS|72541985|11636479.08|0.33|60905506.33|0.33|-49269027.25|-0.68|1.95|0.5|0|0|0|0.98|0.84
1302|FIN|FINS|7634885|3197290.58|1.25|4437594|208.42000000000002|-1240303.42|-0.16|1.07|0.92|1|0|0|0.03|0.21
1303|FIN|FINS|49201797|41935385.2|7.92|7266411.85|61.17|34668973.36|0.7000000000000001|0.26|1|0|0|0|0|0.15
1304|FIN|FINS|2290840|739538.72|0.17|1551301.33|0.25|-811762.61|-0.35000000000000003|1.03|0.25|1|0|0|0|0.36
1305|FIN|FINS|267536251|135186750.14|18.42|132349501.21|1029.58|2837248.93|0.01|0.28|1|0|0|0|0.98|0.23
1306|FIN|FINS|11522066|5965256.25|45.17|5556809.7|25.67|408446.55|0.04|0.98|1|0|0.45|0.65|0.43|0.02
1307|FIN|FINS|98888909|60349082.86|9.08|38539826.33|187.33|21809256.53|0.22|0.61|1|0|0|0|0|0.38
1308|FIN|FINS|18784174|14308273|120.92|4475901.5|3.08|9832371.5|0.52|0.97|1|0|0|0|0.24|0.13
1309|FIN|FINS|55771812|28711407.17|46.17|27060405|4|1651002.17|0.03|0.49|1|0|0.9400000000000001|0|0.05|0.34
1310|FIN|FINS|174408|86230.67|12.25|88177.17|6|-1946.5|-0.01|0.52|1|0|0.93|0|0.07|0.12
1311|FIN|FINS|27708324|12031165.5|29.42|15677158.25|7.92|-3645992.75|-0.13|0.93|1|0|0.8200000000000001|0.09|0.15|0.51
1312|FIN|FINS|888348458|417095920.88|113.42|471252537|16.830000000000002|-54156616.12|-0.06|0.58|1|0|0|0|0.89|0.32
1313|FIN|FINS|717500|717500|0.42|0|0|717500|1|1.85|0.33|0|0|0|1|0
1314|FIN|FINS|386585229|192066132.71|28.5|194519095.89|1699.17|-2452963.18|-0.01|0.22|1|0|0|0|0.68|0.2
1315|FIN|FINS|2|1.67|0.08|0|0|1.67|1|0|0.08|2|1|0|0|0
1316|FIN|FINS|2941667|383333.33|0.25|2558333.33|0.25|-2175e3|-0.74|0.62|0.25|2|0|0|0|0
1317|FIN|FINS|992959417|550734417.34|1.08|442225e3|0.58|108509417.34|0.11|0.98|0.42|0|0|0|1|0.45
1318|FIN|FINS|21570921|5391666.67|0.67|16179253.83|3.25|-10787587.17|-0.5|1.1300000000000001|1|0|0|0|0.46|0.45
1319|FIN|FINS|734787|0|0|734787|1.58|-734787|-1|1.12|0.67|0|0|0|0|0.54
1320|FIN|FINS|426366|100990.5|0.42|325375|2.17|-224384.5|-0.53|0.55|1|0|0|1|0|0
1321|FIN|FINS|297668|137|0.17|297530.58|0.92|-297393.58|-1|2.11|0.75|0|0|0|0|0
1322|FIN|FINS|13798601|7011408.33|7.42|6787192.67|14.67|224215.67|0.02|0.61|1|0|0.5|0.63|0.5|0.14
1323|FIN|FINS|59097399|29688099.42|42.75|29409299.5|2.83|278799.92|0|0.87|1|0|0|0|0.32|0.47000000000000003
1324|FIN|FINS|814122945|795590650.75|17.5|18532294.17|200.5|777058356.58|0.9500000000000001|0.63|1|0|0|0|0.9500000000000001|0
1325|FIN|FINS|125170815|101170675.35|32.83|24000140.08|93.67|77170535.27|0.62|0.65|1|0|0|0|0.88|0.05
1326|FIN|FINS|8100093|4064330.67|13.67|4035762.5|6.5|28568.170000000002|0|0.45|1|0|0.81|0.48|0.14|0.26
1327|FIN|FINS|28837371|14372601.08|123.5|14464770.08|4.25|-92169.01|0|0.25|1|0|0|0|0.02|0
1328|FIN|FINS|3291843|1414259.67|31.75|1877583.33|3.08|-463323.67|-0.14|0.34|1|0|0.34|0.89|0.44|0.06
1329|FIN|FINS|15606130|9670535.71|3.83|5935594.77|10.5|3734940.95|0.24|1.4000000000000001|1|0|0|0|0|0.37
1330|FIN|FINS|19702871|11998911.67|12.33|7703959.42|14.17|4294952.25|0.22|0.46|1|0|0.34|0.99|0.65|0
1331|FIN|FINS|40396957|20113233.39|2.33|20283723.5|3.75|-170490.11000000002|0|1.1300000000000001|1|0|0|0|1|0.5
1332|FIN|FINS|249275|176556.67|20.330000000000002|72718.5|7.75|103838.17|0.42|0.61|1|0|0.46|0.3|0.48|0.18
1333|FIN|FINS|366395811|183060691.96|29.580000000000002|183335119.44|28.17|-274427.48|0|0.78|0.92|1|0|0|0.98|0.47000000000000003
1334|FIN|FINS|13365144|8132990.2|3.42|5232154.23|33.58|2900835.9699999997|0.22|0.47000000000000003|1|0|0|0|0|0.39
1335|FIN|FINS|204230519|101985635.72|31.92|102244882.94|40.33|-259247.22|0|1.28|1|0|0.21|0.66|0.6900000000000001|0.01
1336|FIN|FINS|290798147|128341582.72|444.17|162456564.49|42.58|-34114981.78|-0.12|0.51|1|0|0.03|0.01|0.18|0.07
1337|FIN|FINS|1309973|614156.33|0.92|695816.42|10.33|-81660.08|-0.06|0.6|1|0|0|0.16|1|0.35000000000000003
1338|FIN|FINS|230694|37352.81|2.33|193341.65|0.92|-155988.84|-0.68|1.1|0.8300000000000001|0|0.17|0|0.79|0
1339|FIN|FINS|102435141|80261917.19|54.5|22173224.25|1.58|58088692.94|0.5700000000000001|0.46|1|0|0|0|0.36|0.22
1340|FIN|FINS|84629872|40295083.93|40.42|44334787.58|41.5|-4039703.65|-0.05|0.51|1|0|0.19|0.15|0.29|0.32
1341|FIN|FINS|33560|33559.94|0.17|0|0|33559.94|1|0|0.08|11|0|0|1|0
1342|FIN|FINS|29940037|15060035.09|564.25|14880002.25|330.58|180032.83000000002|0.01|0.68|1|0|0.67|0.8200000000000001|0.32|0.06
1343|FIN|FINS|26900545|13563440.33|8.33|13337104.33|25.5|226336|0.01|0.29|1|0|0.27|0.46|0.73|0.27
1344|FIN|FINS|11432169|5915255.96|310.83|5516912.71|161.5|398343.25|0.03|0.61|0.92|0|0.56|0.99|0.44|0
1345|FIN|FINS|2484161|15275.39|1|2468885.64|264.17|-2453610.25|-0.99|0.74|1|0|0|0|0.47000000000000003|0.99
1346|FIN|FINS|294625898|150536546|19.25|144089351.92|4.83|6447194.08|0.02|0.9400000000000001|1|0|0.23|0|0.74|0.28
1347|FIN|FINS|2454062511|1141683190.27|126.83|1312379320.49|223.92000000000002|-170696130.22|-0.07|0.65|1|0|0|0|0.64|0.32
1348|FIN|FINS|37599297|19389506.78|98.58|18209790.2|4.92|1179716.58|0.03|0.67|1|0|0.9500000000000001|0|0.05|0.48
1349|FIN|FINS|1605138|857083.3300000001|3.67|748055|3.25|109028.33|0.07|0.72|1|0|0.55|0.77|0.39|0.11
1350|FIN|FINS|27388800|14212771.15|31.17|13176028.7|11.5|1036742.44|0.04|0.8300000000000001|1|0|0.86|0.1|0.13|0.21
1351|FIN|FINS|4033621|2068097.42|49.67|1965524.01|27.830000000000002|102573.42|0.03|0.4|1|0|0.02|0.02|0.06|0.24
1352|FIN|FINS|1205085|602012.5|29.92|603072.92|2.75|-1060.42|0|1.1300000000000001|1|0|0.9400000000000001|0.01|0.06|0.49
1353|FIN|FINS|316225|182891.75|19.17|133333.33000000002|0.17|49558.42|0.16|0.99|1|0|1|0|0|0.26
1354|FIN|FINS|26079714|12208751.22|27.42|13870962.92|22.080000000000002|-1662211.7000000002|-0.06|0.5700000000000001|1|0|0.15|0.36|0.49|0.17
1355|FIN|FINS|8|0|0|8.33|0.08|-8.33|-1|0|0.08|11|0|0|0|0
1356|FIN|FINS|17475767|17475766.67|0.08|0|0|17475766.67|1|0|0.08|8|0|0|1|0
1357|FIN|FINS|12202|4660.42|11|7541.67|1|-2881.25|-0.24|0.98|0.58|0|0.8200000000000001|0.87|0.18|0.08
1358|FIN|FINS|5856591|2844219.42|5.25|3012371.92|4.5|-168152.5|-0.03|0.42|1|0|0.71|0.55|0.29|0.23
1359|FIN|FINS|14583767|7494581.97|157.58|7089184.92|172.42000000000002|405397.05|0.03|0.56|1|0|0.42|0.92|0.58|0.04
1360|FIN|FINS|637920|637920.17|1.25|0|0|637920.17|1|0.54|0.5|0|0|0|0|0
1361|FIN|FINS|4750|2333.33|0.08|2416.67|0.08|-83.33|-0.02|0.02|0.17|1|1|0|0|0.51
1362|FIN|FINS|478862445|218991077.17|48.75|259871367.92|37.25|-40880290.75|-0.09|0.42|1|0|0.76|0|0.2|0.44
1363|FIN|FINS|2222817|565742.33|0.33|1657075|3.67|-1091332.67|-0.49|0.54|0.92|0|0|0|1|0.31
1364|FIN|FINS|38497336|197509.87|1.5|38299826.45|398|-38102316.58|-0.99|1.44|1|0|0|0|0.06|0.84
1365|FIN|FINS|37543|37501.08|0.25|41.67|0.08|37459.42|1|1.41|0.25|0|0|0|0|0
1366|FIN|FINS|58912853|29537620.08|14.42|29375232.92|7.5|162387.17|0|0.73|1|0|0|0|0.71|0.23
1367|FIN|FINS|3559997|1360743.34|1.17|2199253.83|20.67|-838510.49|-0.24|0.48|1|0|0|0.01|0.76|0.54
1368|FIN|FINS|28828075|13443460.21|147.58|15384614.39|9.17|-1941154.1800000002|-0.07|0.58|1|0|0.74|0|0.25|0.53
1369|FIN|FINS|3889838|1948170.9300000002|4.42|1941666.67|3.17|6504.26|0|0.86|1|0|0.46|0.49|0.54|0.25
1370|FIN|FINS|10782970757|10428167873.61|176.33|354802883.55|3166.42|10073364990.06|0.93|0.29|1|0|0|0|0.56|0.01
1371|FIN|FINS|68533|68533.33|3.25|0|0|68533.33|1|1.32|0.75|3|0|0|0.53|0
1372|FIN|FINS|8380638|4242865.36|356.67|4137772.78|106.75|105092.58|0.01|0.36|0.42|0|0.51|0.98|0.48|0
1373|FIN|FINS|335968970|201399094.5|0.17|134569875|0.08|66829219.5|0.2|0.85|0.17|6|0|0|1|0.4
1374|FIN|FINS|63544278|28116835.25|4.17|35427442.5|1.58|-7310607.25|-0.12|0.37|1|0|0|0|0|0
1375|FIN|FINS|18145119|9245119.17|4|89e5|5.75|345119.17|0.02|1.57|1|0|0.04|0.9400000000000001|0.96|0
1376|FIN|FINS|1675429|2558.5|0.33|1672870.5|172.92000000000002|-1670312|-1|0.66|1|0|0|0|0.68|1
1377|FIN|FINS|898792770|713533505.24|370.17|185259264.58|5.33|528274240.66|0.59|0.53|1|0|0|0|1|0.2
1378|FIN|FINS|10301088|5009421.67|4.92|5291666.67|2.67|-282245|-0.03|0.6900000000000001|1|0|0.29|0.9400000000000001|0.71|0.02
1379|FIN|FINS|5781067|5781066.67|0.08|0|0|5781066.67|1|0|0.08|0|0|0|0|0
1380|FIN|FINS|3128822|1569260.17|1.92|1559561.92|0.5|9698.25|0|0.91|1|0|0|0|1|0.02
1381|FIN|FINS|15137122|7506950.17|18.25|7630171.5|8.75|-123221.33|-0.01|0.32|1|0|0.78|0.02|0.22|0.37
1382|FIN|FINS|1848|0|0|1848.33|0.17|-1848.33|-1|1.32|0.17|4|0|0|0|1
1383|FIN|FINS|22229307|11927964.17|6.25|10301342.75|2.83|1626621.42|0.07|1.31|0.5|0|0.49|0|0.51|0.38
1384|FIN|FINS|23671983|11989997.25|25.42|11681985.83|7.5|308011.42|0.01|0.71|1|0|0.8200000000000001|0.17|0.07|0.41000000000000003
1385|FIN|FINS|1461933506|611693847.75|66.92|850239658.67|45.92|-238545810.92|-0.16|0.9400000000000001|1|0|0|0|0.65|0.58
1386|FIN|FINS|714336|358401.67|1|355934.5|6.17|2467.17|0|1.25|0.67|3|0|0|0.48|0.27
1387|FIN|FINS|76336563|47370164.65|8.33|28966398.3|150|18403766.35|0.24|0.17|1|0|0|0|0|0.38
1388|FIN|FINS|4592952|2297262|5.83|2295689.92|5.42|1572.08|0|0.64|1|0|0.38|0.62|0.61|0.19
1389|FIN|FINS|12938|8420.83|11.08|4517.17|1.25|3903.67|0.3|1.06|1|0|0.72|0.05|0.28|0.33
1390|FIN|FINS|33037|15078.33|0.75|17958.75|1.5|-2880.42|-0.09|0.44|0.8300000000000001|0|1|1|0|0
1391|FIN|FINS|280098185|186122339.44|25.830000000000002|93975845.96|10.83|92146493.48|0.33|2.65|0.8300000000000001|0|0|0|0.99|0.33
1392|FIN|FINS|11860156|5937083.33|13.42|5923073|6.67|14010.33|0|0.62|1|0|0.9|0.37|0.07|0.31
1393|FIN|FINS|1333638|664325|10.42|669312.83|20.67|-4987.83|0|0.36|1|0|0|0.93|0.56|0
1394|FIN|FINS|10000518|5497882.42|3|4502635.17|51.5|995247.25|0.1|0.74|1|0|0|0|0.84|0.39
1395|FIN|FINS|40178566|21369770.75|28.92|18808795|18.75|2560975.75|0.06|0.65|1|0|0.16|0.2|0.38|0.06
1396|FIN|FINS|196619105|195994683.6|6574.58|624421.83|36.25|195370261.77|0.99|0.25|1|0|0.63|0|0|0
1397|FIN|FINS|4208064|2127560.04|2.92|2080504.38|3.5|47055.67|0.01|1.02|0.5|0|0.04|0.42|0.37|0.27
1398|FIN|FINS|86260617|58472049.2|12.58|27788568.11|267.42|30683481.09|0.36|0.6|1|0|0|0|0|0.32
1399|FIN|FINS|790396048|388154156.6|152.83|402241891.1|28.92|-14087734.5|-0.02|0.48|1|0|0.55|0|0.31|0.29
1400|FIN|FINS|105483513|53325356.33|21.75|52158156.67|18.580000000000002|1167199.67|0.01|0.8200000000000001|1|0|0.31|0.74|0.6900000000000001|0.01
1401|FIN|FINS|39741230|19859245.08|18.080000000000002|19881985.06|12.83|-22739.98|0|0.46|1|0|0.3|0.09|0.48|0.45
1402|FIN|FINS|16138617|7923196.45|60.17|8215420.87|3|-292224.42|-0.02|0.55|1|0|0.89|0|0.1|0.36
1403|FIN|FINS|105417|29750|0.25|75666.67|0.33|-45916.67|-0.44|0.86|0.5|2|0.84|0.44|0.16|0.01
1404|FIN|FINS|11462497|5739916.67|21|5722580.42|2.83|17336.25|0|0.31|1|0|0.9400000000000001|0|0|0.08
1405|FIN|FINS|4|4.17|0.08|0|0|4.17|1|0|0.08|8|1|0|0|0
1406|FIN|FINS|1175815797|574848535.77|28.330000000000002|600967261.06|33.17|-26118725.3|-0.02|0.24|1|0|0.03|0.85|0.33|0.06
1407|FIN|FINS|3296416|1744924.92|4.25|1551490.83|6.33|193434.08000000002|0.06|0.6900000000000001|1|0|0.38|0.87|0.62|0.06
1408|FIN|FINS|221915|89469.86|1|132445.03|0.58|-42975.18|-0.19|1.3800000000000001|0.8300000000000001|0|0|0|0.19|0
1409|FIN|FINS|655928|0|0|655927.5700000001|2.58|-655927.5700000001|-1|0.81|0.92|0|0|0|0|1
1410|FIN|FINS|12492842|37500|0.33|12455342.08|88.08|-12417842.08|-0.99|0.48|1|0|0|0|0|0
1411|FIN|FINS|13710999|7043905.83|81.5|6667093.33|3|376812.5|0.03|0.43|1|0|0.75|0|0.23|0.19
1412|FIN|FINS|7324148|3990815|4.92|3333333.33|0.17|657481.67|0.09|1.31|0.42|0|0.98|0|0.02|0.46
1413|FIN|FINS|9715872|5704835.5600000005|7.33|4011036.67|14.92|1693798.8900000001|0.17|0.98|1|0|0|0|0|0.41000000000000003
1414|FIN|FINS|9731106|4978578.42|7.08|4752527.92|118.75|226050.5|0.02|0.44|0.42|0|0.2|0.97|0.8|0
1415|FIN|FINS|3714375|1781958.33|13.08|1932416.67|5.25|-150458.33000000002|-0.04|0.32|1|0|0.8200000000000001|0.55|0.17|0.24
1416|FIN|FINS|10169421|573828.81|0.92|9595592.17|27.67|-9021763.36|-0.89|0.45|1|0|0|0|0|0.9400000000000001
1417|FIN|FINS|8338|4.17|0.08|8333.33|0.08|-8329.17|-1|0|0.08|5|1|1|0|0
1418|FIN|FINS|85137860|84510886.17|63.83|626973.66|1.17|83883912.51|0.99|1.37|0.8300000000000001|2|0|0|0|0.01
1419|FIN|FINS|33334167|33334166.67|0.25|0|0|33334166.67|1|0|0.08|0|0|0|1|0
1420|FIN|FINS|75724284|24088993.64|2.83|51635290.22|13.83|-27546296.58|-0.36|1.2|1|0|0|0|0.33|0.29
1421|FIN|FINS|294956933|133351093.5|55.5|161605839.41|13.17|-28254745.92|-0.1|0.76|0.8300000000000001|2|0|0|0.2|0.54
1422|FIN|FINS|209405301|104292895.33|11.17|105112406.08|362.58|-819510.75|0|1.06|1|0|0|0|0.98|0.45
1423|FIN|FINS|59758|11515.83|1.67|48241.92|2.75|-36726.08|-0.61|0.44|1|0|0|1|0.63|0
1424|FIN|FINS|33643801|18234721.52|4.08|15409079.18|27.75|2825642.34|0.08|0.27|1|0|0|0|0|0.46
1425|FIN|FINS|53318870|71262.75|0.33|53247606.92|87.58|-53176344.17|-1|0.74|1|0|0.55|0|0.02|0.7000000000000001
1426|FIN|FINS|33061483|16367189.83|41.25|16694293.25|31.75|-327103.42|-0.01|0.28|1|0|0.12|0.71|0.5700000000000001|0.12
1427|FIN|FINS|2152570|1010392.63|13.5|1142177.05|22.67|-131784.42|-0.06|0.53|1|0|0.79|0.53|0.19|0.13
1428|FIN|FINS|3333|2e3|0.17|1333.33|0.08|666.67|0.2|0.28|0.17|1|1|1|0|0
1429|FIN|FINS|3097954|1606565.58|58.83|1491388.08|8.17|115177.5|0.04|0.32|1|0|0.02|0|0.06|0.31
1430|FIN|FINS|3272399616|2223474204.92|490|1048925411.46|18715.58|1174548793.46|0.36|0.2|1|0|0|0|0|0.32
1431|FIN|FINS|238095|118396.75|4.08|119698.25|13|-1301.5|-0.01|0.61|1|0|0.09|0.99|0.91|0
1432|FIN|FINS|6687404|6685258|28.67|2146|0.08|6683112|1|0.9500000000000001|1|0|0.92|0|0.06|0
1433|FIN|FINS|19362630|9935398.07|14.92|9427231.83|7.67|508166.24|0.03|0.79|1|0|0.33|0.28|0.28|0.18
1434|FIN|FINS|9148115|4837531.33|16.25|4310583.33|4.08|526948|0.06|0.61|1|0|0.86|0.18|0.12|0.38
1435|FIN|FINS|6097028884|2978689678.79|3.67|3118339205.46|4.5|-139649526.67|-0.02|0.61|1|0|0|0|0.18|0.02
1436|FIN|FINS|89864138|45698390.58|50.25|44165747.42|20.17|1532643.17|0.02|0.65|1|0|0.92|0|0.05|0.27
1437|FIN|FINS|1902963|1041668.33|0.5|861294.4400000001|1.92|180373.89|0.09|0.88|0.8300000000000001|0|0|0|0|0.45
1438|FIN|FINS|165364|82316.67|4.08|83047.42|26.92|-730.75|0|0.49|1|0|0|0.58|1|0.18
1439|FIN|FINS|19882028|10163613.17|10.5|9718414.42|19.17|445198.75|0.02|0.35000000000000003|1|0|0.28|0.9400000000000001|0.6900000000000001|0.03
1440|FIN|FINS|50564969|26540289.28|88.17|24024679.5|47.25|2515609.7800000003|0.05|0.45|1|0|0.1|0.02|0.13|0.24
1441|FIN|FINS|20723937|15519185.73|4.33|5204750.91|15.92|10314434.82|0.5|0.56|1|0|0|0|0|0.24
1442|FIN|FINS|835976|5569.13|0.33|830407.0800000001|0.17|-824837.96|-0.99|0|0.17|10|0|0|0|0
1443|FIN|FINS|7032|0|0|7031.92|0.17|-7031.92|-1|0|0.08|11|0|0|0|0
1444|FIN|FINS|13447595|6489261.67|2.33|6958333.33|0.5|-469071.67|-0.03|2.85|0.92|1|0|0.1|1|0.03
1445|FIN|FINS|21684379|10817712.54|13.25|10866666.71|10.92|-48954.17|0|1.1400000000000001|1|0|0.54|0.47000000000000003|0.44|0.27
1446|FIN|FINS|220043928|109203325.94|18.080000000000002|110840602.43|866|-1637276.49|-0.01|0.17|1|0|0|0|1|0.17
1447|FIN|FINS|4612717|2409966.8|10.83|2202750|5.75|207216.80000000002|0.04|0.36|1|0|0.64|0.46|0.26|0.26
1448|FIN|FINS|2397110|888014.5|3.58|1509095.8900000001|2.42|-621081.38|-0.26|1.42|0.8300000000000001|2|0|0|0|0.63
1449|FIN|FINS|1551405|775376.67|0.67|776028.08|0.92|-651.42|0|0.56|0.42|1|0.03|0|0.97|0.45
1450|FIN|FINS|21868412|10779166.67|26|11089245.58|5.33|-310078.92|-0.01|0.44|1|0|0.99|0.08|0.01|0.47000000000000003
1451|FIN|FINS|108977383|52428802.9|131.67000000000002|56548579.76|70.42|-4119776.87|-0.04|0.26|1|0|0.07|0.05|0.52|0.43
1452|FIN|FINS|7394474|3748455.17|90.42|3646019.25|4.08|102435.92|0.01|0.27|1|0|0.1|0|0.01|0.21
1453|FIN|FINS|17483600|17483600|0.08|0|0|17483600|1|0|0.08|6|0|0|1|0
1454|FIN|FINS|4959875|2299875|2.5|266e4|4.67|-360125|-0.07|0.9500000000000001|1|0|0.34|0.72|0.66|0.15
1455|FIN|FINS|3100257|979166.67|0.5|2121090|86.17|-1141923.33|-0.37|1.1400000000000001|0.8300000000000001|2|0|0|0|0.03
1456|FIN|FINS|39984627|21142101.9|47.08|18842525.55|44.33|2299576.35|0.06|0.45|0.8300000000000001|0|0.03|0.6|0.9500000000000001|0.19
1457|FIN|FINS|6889595|5083209.54|154.08|1806385.29|2.92|3276824.25|0.48|2.09|1|0|0|0|0.85|0.01
1458|FIN|FINS|2339673|1024755.83|4.25|1314916.67|3.25|-290160.83|-0.12|0.8200000000000001|1|0|0.5700000000000001|0.62|0.43|0.19
1459|FIN|FINS|10238541|5367707.5|4.17|4870833.33|7.08|496874.17|0.05|1.26|0.92|0|0.08|0.84|0.92|0
1460|FIN|FINS|98499812|1205050.41|0.75|97294761.33|292.17|-96089710.93|-0.98|1|1|0|0|0|1|0.93
1461|FIN|FINS|10216833|5003833.33|12.08|5213e3|5.67|-209166.67|-0.02|0.58|1|0|0.88|0.23|0.01|0.4
1462|FIN|FINS|27310965|13993798.33|7.17|13317166.67|8.5|676631.67|0.02|0.52|0.92|0|0.2|0.84|0.8|0.05
1463|FIN|FINS|3221488252|1537298443.52|36.58|1684189808.18|198.67000000000002|-146891364.66|-0.05|0.58|1|0|0|0|0.75|0.31
1464|FIN|FINS|47951555|25742084.94|11.17|22209469.92|10.42|3532615.02|0.07|0.5700000000000001|1|0|0.66|0.02|0.22|0.14
1465|FIN|FINS|235194|63475.75|1.17|171718.64|5|-108242.89|-0.46|0.6900000000000001|0.75|0|0.01|0.13|0.07|0.06
1466|FIN|FINS|79292633|38757024.17|133.17000000000002|40535608.75|6.75|-1778584.58|-0.02|0.48|1|0|0.8300000000000001|0|0.12|0.51
1467|FIN|FINS|5692791|2773537.33|7|2919253.17|7.75|-145715.83000000002|-0.03|0.52|1|0|0.59|0.71|0.34|0.15
1468|FIN|FINS|10019866|5042746.88|9.25|4977119.33|8.67|65627.54000000001|0.01|1.3|1|0|0.6|0.51|0.36|0.25
1469|FIN|FINS|130887|64695.83|1.75|66191.58|11.92|-1495.74|-0.01|0.49|1|0|0|0.53|1|0.17
1470|FIN|FINS|55894|27977.58|0.08|27916.670000000002|0.08|60.92|0|0|0.17|8|0|0|0|0
1471|FIN|FINS|8299756|4140232.58|6.42|4159522.92|11.58|-19290.33|0|0.36|1|0|0|0.77|1|0.12
1472|FIN|FINS|3609118|1679544.3599999999|5.75|1929573.82|2.17|-250029.46|-0.07|0.73|1|0|0|0|0.22|0.43
1473|FIN|FINS|30235772|15402438.67|7.17|14833333.33|5.42|569105.33|0.02|0.53|0.92|0|0.11|0.88|0.86|0.02
1474|FIN|FINS|1206262539|1178937495.03|6333.08|27325044.17|16.92|1151612450.86|0.9500000000000001|0.34|1|0|0.08|0|0.3|0
1475|FIN|FINS|42318871|20883626.55|10.25|21435244.16|980.9200000000001|-551617.62|-0.01|0.73|1|0|0|0|0.98|0.43
1476|FIN|FINS|62161236|31080618.01|2.42|31080618.01|2.42|0|0|0.53|1|0|0|0|1|0
1477|FIN|FINS|7413633|3417333.27|10.83|3996299.58|8.75|-578966.31|-0.08|0.37|1|0|0.52|0.46|0.23|0.17
1478|FIN|FINS|45883|166.67000000000002|0.08|45715.87|0.5|-45549.21|-0.99|2.05|0.5|1|0|0|0|0.09
1479|FIN|FINS|40389539|19389259.8|53.92|21000278.83|21.330000000000002|-1611019.03|-0.04|0.66|1|0|0.62|0.42|0.18|0.3
1480|FIN|FINS|344794847|31731528.01|4.08|313063318.91|41.5|-281331790.9|-0.8200000000000001|0.35000000000000003|1|0|0|0|0.7000000000000001|0.87
1481|FIN|FINS|124406080|124406079.75|0.17|0|0|124406079.75|1|0|0.08|10|0|0|1|0
1482|FIN|FINS|93914035|52200828.97|54.33|41713205.69|73.08|10487623.28|0.11|0.46|1|0|0.34|0.52|0.54|0.01
1483|FIN|FINS|196932057|99785472.29|7.25|97146584.21|14.5|2638888.08|0.01|0.36|1|0|0.03|0.99|0.7000000000000001|0.01
1484|FIN|FINS|31857602|19573931.64|14.5|12283670.5|88.42|7290261.14|0.23|1.1400000000000001|1|0|0.01|0.02|0.09|0.14
1485|FIN|FINS|921134|404082.08|3.92|517051.83|4.25|-112969.75|-0.12|1.05|0.8300000000000001|2|0|0|0.32|0.56
1486|FIN|FINS|2473045|1247093.31|3.83|1225951.31|31.580000000000002|21142|0.01|0.25|1|0|0|0.03|0.49|0.21
1487|FIN|FINS|97657555|50292886.99|0.92|47364667.72|4.75|2928219.27|0.03|0.78|0.8300000000000001|2|0|0|0.05|0.12
1488|FIN|FINS|13295965|8401925|13.58|4894040.08|30.67|3507884.92|0.26|0.34|1|0|0.37|0.99|0.62|0
1489|FIN|FINS|1912711|540050.25|2.67|1372660.67|22.330000000000002|-832610.42|-0.44|0.51|1|0|0.01|0.01|0.41000000000000003|0.16
1490|FIN|FINS|14086290|10121289.67|2.17|3965e3|0.33|6156289.67|0.44|0.55|0.75|0|0|0|0|0.14
1491|FIN|FINS|49925762|21564104.25|5.75|28361657.75|517.67|-6797553.5|-0.14|0.49|1|0|0|0|1|0.2
1492|FIN|FINS|9987|7403.33|1|2583.33|0.25|4820|0.48|0.51|0.8300000000000001|0|0|1|1|0
1493|FIN|FINS|3520082|1765403.25|14.75|1754678.67|16|10724.58|0|0.72|1|0|0.16|0.13|0.28|0.1
1494|FIN|FINS|126137284|94683068.71|12.83|31454215.31|129.42000000000002|63228853.4|0.5|0.4|0.75|3|0|0|0|0.25
1495|FIN|FINS|9842|2358.5|0.58|7483.33|0.42|-5124.83|-0.52|1.31|0.67|0|0.01|1|0.99|0
1496|FIN|FINS|18890320|8502696.29|41.92|10387623.42|2.33|-1884927.13|-0.1|1.08|1|0|0.89|0|0.02|0.09
1497|FIN|FINS|160|79.92|0.08|80.34|0.17|-0.43|0|0|0.08|7|0|0|1|0
1498|FIN|FINS|45912330|29684670.75|0.17|16227659.25|0.17|13457011.5|0.29|0|0.08|2|0|0|0|0
1499|FIN|FINS|25e4|25e4|0.08|0|0|25e4|1|0|0.08|6|0|0|1|0
1500|FIN|FINS|26421810|12822078.08|34.58|13599731.75|15.75|-777653.67|-0.03|0.87|1|0|0.02|0|0.8|0.51
1501|FIN|FINS|1278258356|717145508.06|16.75|561112847.67|20.17|156032660.39|0.12|0.62|1|0|0|0|0.97|0.42
1502|FIN|FINS|2425682549|1466032132.52|2|959650416.67|1.25|506381715.85|0.21|0.8200000000000001|0.67|0|0|0|1|0.4
1503|FIN|FINS|24843825|12421912.72|2.58|12421912.72|2.67|0|0|0.9500000000000001|1|0|0|0|1|0
1504|FIN|FINS|3643062|1950786.17|23.42|1692275.5|3|258510.67|0.07|0.77|1|0|0.03|0.06|0.44|0.27
1505|FIN|FINS|16903101|8326333.33|19.080000000000002|8576767.25|12.33|-250433.92|-0.01|0.64|1|0|0.85|0.31|0.15|0.34
1506|FIN|FINS|13913941|6893166.67|17.080000000000002|7020774.75|9.17|-127608.08|-0.01|0.64|1|0|0.93|0.33|0.07|0.34
1507|FIN|FINS|49333298|24669450.17|4.58|24663847.75|4.58|5602.42|0|0.3|1|0|0|0|1|0
1508|FIN|FINS|110125704|54609062.59|17.5|55516641.16|41.83|-907578.56|-0.01|1.18|1|0|0|0|0.24|0.11
1509|FIN|FINS|369463808|186288002.95|64.83|183175805.46|21.92|3112197.5|0.01|0.96|1|0|0|0|1|0.5
1510|FIN|FINS|2475710|1360397|15.67|1115312.5|7.25|245084.5|0.1|0.42|1|0|0.28|0.47000000000000003|0.02|0.1
1511|FIN|FINS|13820053|7212668.24|47.42|6607384.75|2|605283.49|0.04|1.12|0.67|4|0.02|0|0.03|0
1512|FIN|FINS|101959|51125.42|0.17|50833.33|0.17|292.08|0|0.12|0.17|4|0|0|1|0
1513|FIN|FINS|417|416.67|0.08|0|0|416.67|1|0|0.08|9|1|0|0|0
1514|FIN|FINS|5477495|2695450.5|3.58|2782044.11|38|-86593.61|-0.02|0.59|1|0|0|0|0|0.51
1515|FIN|FINS|111628965|110753360.72|230.75|875604.61|2.25|109877756.11|0.98|0.5|1|0|0.35000000000000003|0|0.25|0
1516|FIN|FINS|6361395|3087960.17|65.75|3273434.75|4.17|-185474.58000000002|-0.03|0.46|1|0|0.16|0.9400000000000001|0.14|0
1517|FIN|FINS|56988122|262581.58|1.25|56725540.83|279|-56462959.25|-0.99|0.37|1|0|0|0|1|0.64
1518|FIN|FINS|193760021|90290354.84|10.83|103469666.32|12.75|-13179311.48|-0.07|0.45|1|0|0|0|0.48|0.2
1519|FIN|FINS|7389905|3806426.83|90|3583478.17|93|222948.67|0.03|0.22|0.58|0|0.61|0.99|0.39|0
1520|FIN|FINS|968865741|453837752.37|32.67|515027988.27|44.58|-61190235.91|-0.06|0.23|1|0|0.01|0.81|0.29|0.09
1521|FIN|FINS|7638611|3798522.36|404|3840088.31|34.83|-41565.950000000004|-0.01|1.34|1|0|0.32|0|0.67|0.5
1522|FIN|FINS|14281129|6991113.83|2.42|7290015.42|15.92|-298901.58|-0.02|1.11|1|0|0|0|0.51|0.18
1523|FIN|FINS|118524|60853.58|4.08|57670.17|6.42|3183.42|0.03|0.37|1|0|0.68|0.22|0.13|0.31
1524|FIN|FINS|10520386|5260193.08|1.5|5260193.08|1.58|0|0|0.51|1|0|0|0|1|0
1525|FIN|FINS|16591645|8666644.83|7.42|7925e3|5.25|741644.83|0.04|1.32|1|0|0.05|1|0.9500000000000001|0
1526|FIN|FINS|1734771|867867.92|10.08|866902.75|21.080000000000002|965.1700000000001|0|0.34|1|0|0|0.01|0.99|0.41000000000000003
1527|FIN|FINS|10350676|5328489.25|4.42|5022186.67|47.5|306302.58|0.03|0.9400000000000001|1|0|0|0|0.36|0.29
1528|FIN|FINS|8135929|4231588.08|19.17|3904341.17|19.67|327246.92|0.04|0.7000000000000001|1|0|0.01|0|0.11|0.45
1529|FIN|FINS|67786355|33893177.48|2.75|33893177.48|2.75|0|0|0.17|1|0|0|0|1|0
1530|FIN|FINS|36024889|18181744.75|8.17|17843144.25|7.83|338600.5|0.01|0.9400000000000001|1|0|0.06|0.49|0.91|0.03
1531|FIN|FINS|2768934|1058333.33|0.42|1710600.75|35.33|-652267.42|-0.24|0.9|0.75|3|0|0.01|0|0.21
1532|FIN|FINS|33738|10583.33|0.67|23154.170000000002|5.33|-12570.83|-0.37|1.1500000000000001|1|0|0|0.09|1|0.33
1533|FIN|FINS|21867791|10782454.17|23.17|11085336.5|10.5|-302882.33|-0.01|0.52|1|0|0.98|0|0.02|0.44
1534|FIN|FINS|5239753|2522627.58|8.42|2717125|3.92|-194497.42|-0.04|0.35000000000000003|1|0|0.29|0.48|0.27|0.27
1535|FIN|FINS|26245540|25000833.33|0.17|1244706.42|0.08|23756126.92|0.91|0|0.08|0|0|0|1|0.05
1536|FIN|FINS|5324014801|2660649136.85|667.33|2663365663.81|886.1700000000001|-2716526.96|0|0.45|1|0|0.19|0.19|0.7000000000000001|0.2
1537|FIN|FINS|65599301|65599300.75|0.58|0|0|65599300.75|1|0|0.08|0|0|0|1|0
1538|FIN|FINS|305934|152500.83000000002|0.75|153433.33000000002|1.25|-932.5|0|0.9|0.67|0|0.22|0.78|0.78|0.11
1539|FIN|FINS|22272510|810466.91|0.33|21462042.73|30.330000000000002|-20651575.83|-0.93|1.23|1|0|0|0|0|0.93
1540|FIN|FINS|609719|287370.42|1.25|322348.75|6.33|-34978.33|-0.06|0.75|1|0|0|0.35000000000000003|1|0.19
1541|FIN|FINS|7593964|3823656.14|6.33|3770307.75|4.33|53348.39|0.01|0.8200000000000001|1|0|0.28|0.79|0.64|0.11
1542|FIN|FINS|589752|295312.17|1.25|294439.75|2.25|872.4200000000001|0|1.74|1|0|0.01|0|0.71|0.49
1543|FIN|FINS|34547242|34264006|33.25|283235.75|0.08|33980770.25|0.98|0.53|1|0|0.98|0|0.02|0.01
1544|FIN|FINS|35025338|17318969.92|16.330000000000002|17706368.26|27.830000000000002|-387398.35000000003|-0.01|0.62|1|0|0.54|0.72|0.41000000000000003|0.14
1545|FIN|FINS|6307406|2820663|15.33|3486742.5|7.33|-666079.5|-0.11|1.1300000000000001|1|0|0.07|0.84|0.88|0.08
1546|FIN|FINS|12243648|6105395.22|16.92|6138253.25|8.33|-32858.03|0|0.67|1|0|0.36|0.04|0.1|0.48
1547|FIN|FINS|31653348|20369629.55|1.83|11283718.07|2.58|9085911.48|0.29|2.08|1|0|0|0|1|0.36
1548|FIN|FINS|89063815|46366291.96|6.33|42697523.25|11.33|3668768.71|0.04|0.67|1|0|0|0.02|0.9400000000000001|0.47000000000000003
1549|FIN|FINS|11030950013|230338959.69|3152.5|10800611053.05|3321.58|-10570272093.36|-0.96|0.27|1|0|0|0|0.81|0.61
1550|FIN|FINS|2673905|1412916.67|0.58|1260988.42|2.25|151928.25|0.06|2.0100000000000002|0.92|0|0|0|0|0.47000000000000003
1551|FIN|FINS|5988361|3327193.75|9.67|2661167.67|5.92|666026.08|0.11|0.76|1|0|0.8300000000000001|0.4|0.17|0.26
1552|FIN|FINS|7955242|3883973.33|14.42|4071268.33|4.08|-187295|-0.02|0.39|1|0|0.91|0.13|0.07|0.44
1553|FIN|FINS|31521699|15760849.58|1.5|15760849.58|1.5|0|0|0.19|1|0|0|0|1|0
1554|FIN|FINS|23594|0|0|23593.75|3.33|-23593.75|-1|1.31|0.33|7|0|0|0|0.78
1555|FIN|FINS|249304870|241827813.85|220.5|7477056.58|160.92000000000002|234350757.27|0.9400000000000001|0.21|1|0|0|0|0.03|0.03
1556|FIN|FINS|68282|33805|1.17|34476.67|0.92|-671.67|-0.01|0.66|1|0|0|0.86|0|0
1557|FIN|FINS|18522|4166.67|0.08|14355.08|1.58|-10188.42|-0.55|0.89|0.67|0|0|0.01|1|0.77
1558|FIN|FINS|48069555|22866890.58|39.5|25202664.67|36.67|-2335774.08|-0.05|0.54|1|0|0.26|0.46|0.6900000000000001|0.28
1559|FIN|FINS|39576|18205.83|0.67|21370.5|2.08|-3164.67|-0.08|0.78|1|0|0|0.77|0.92|0.02
1560|FIN|FINS|519317920|278815507.21|343.75|240502412.77|59.25|38313094.44|0.07|0.85|1|0|0|0.22|0.36|0.18
1561|FIN|FINS|134569875|0|0|134569875|0.08|-134569875|-1|0|0.08|6|0|0|0|1
1562|FIN|FINS|62659843|62659843.17|0.08|0|0|62659843.17|1|0|0.08|9|0|0|1|0
1563|FIN|FINS|42903332|39516858.19|8.5|3386474.19|183|36130384|0.84|3.43|1|0|0|0|1|0.07
1564|FIN|FINS|2764336|2755128.42|30.92|9207.83|0.17|2745920.58|0.99|0.65|1|0|0.79|0|0.14|0
1565|FIN|FINS|11135014|5723347.08|16.830000000000002|5411666.67|6.75|311680.42|0.03|0.6|1|0|0.73|0.21|0.04|0.38
1566|FIN|FINS|3742554|1408335.49|33.25|2334218.65|45.75|-925883.17|-0.25|0.64|1|0|0.6900000000000001|0.86|0.29|0.06
1567|FIN|FINS|11746433|6147095.33|7.17|5599337.5|4.33|547757.83|0.05|0.8200000000000001|1|0|1|0.53|0|0.22
1568|FIN|FINS|2120871|1136755.3900000001|59.67|984115.47|18.17|152639.92|0.07|0.33|1|0|0.27|0|0.1|0.43
1569|FIN|FINS|571506662|174989.77|2.83|571331672.69|693.83|-571156682.92|-1|1.04|1|0|0.08|0|0.9|0.53
1570|FIN|FINS|4686253|2090795.67|5.67|2595457.5|4.92|-504661.83|-0.11|0.46|0.92|1|0.28|0|0.72|0
1571|FIN|FINS|30185|0|0|30184.83|0.75|-30184.83|-1|1.9100000000000001|0.42|7|0|0.63|0|0.26
1572|FIN|FINS|7969516|3945555.67|14.5|4023960.25|7.5|-78404.58|-0.01|0.8300000000000001|1|0|0.64|0.42|0.31|0.29
1573|FIN|FINS|42958386|20583669.08|18.92|22374717.08|9.92|-1791048|-0.04|1.17|1|0|0.33|0.04|0.48|0.24
1574|FIN|FINS|4133868|2427643.61|51.25|1706224.83|44.92|721418.78|0.17|1.18|1|0|0.49|0.28|0.11|0.1
1575|FIN|FINS|355433112|177622163.29|9.67|177810948.71|466.33|-188785.42|0|1.3800000000000001|1|0|0|0|0.48|0.46
1576|FIN|FINS|44775542|21731408.08|169.92000000000002|23044134.08|185.33|-1312726|-0.03|0.2|1|0|0.02|0|0.49|0.05
1577|FIN|FINS|7785|2708.33|0.5|5076.67|5.75|-2368.33|-0.3|0.79|1|0|0|0.01|1|0.46
1578|FIN|FINS|587939|316981.25|7.17|270957.25|10.42|46024|0.08|0.73|1|0|0.17|0.78|0.13|0.09
1579|FIN|FINS|101073642|54916266.1|5.83|46157375.59|19|8758890.51|0.09|1.69|1|0|0|0|0|0.46
1580|FIN|FINS|3433274|1762106.58|29.830000000000002|1671167.83|1|90938.75|0.03|0.8300000000000001|1|0|0.01|0|0.03|0
1581|FIN|FINS|44752011|22987641.81|13.75|21764368.83|14|1223272.98|0.03|0.39|0.8300000000000001|0|0.05|0.19|0.9400000000000001|0.15
1582|FIN|FINS|89248|49976.25|1.08|39271.67|2.5|10704.58|0.12|0.92|0.8300000000000001|0|0|0.21|1|0.3
1583|FIN|FINS|2183333|1e6|0.58|1183333.33|0.58|-183333.33000000002|-0.08|0.68|0.58|2|0|0|0.88|0.06
1584|FIN|FINS|415834|415833.5|9.92|0|0|415833.5|1|0.47000000000000003|1|0|0.47000000000000003|0|0.53|0
1585|FIN|FINS|5767266|2772166.67|4.83|2995099.33|3.25|-222932.67|-0.04|1.73|1|0|0.48|0.4|0.52|0.31
1586|FIN|FINS|24398442|12431767.37|7.33|11966675.03|6.42|465092.33|0.02|1.32|1|0|0.03|0.9500000000000001|0.97|0
1587|FIN|FINS|24308953|11316794.68|67.92|12992157.92|108.58|-1675363.23|-0.07|0.55|1|0|0.01|0.08|0.37|0.33
1588|FIN|FINS|755579|755578.5|8.17|0|0|755578.5|1|1.03|1|0|0|0|0.13|0
1589|FIN|FINS|219831196|1085890.83|1.08|218745305.42|344.92|-217659414.58|-0.99|0.29|1|0|0|0|0.73|0.36
1590|FIN|FINS|713697491|216370557.42|27.5|497326933.29|33.25|-280956375.87|-0.39|0.4|1|0|0|0|0.53|0.33
1591|FIN|FINS|63957691|32795013.85|67.92|31162677.6|4.08|1632336.25|0.03|0.54|1|0|0.92|0|0.04|0.36
1592|FIN|FINS|2036077|850919.17|1.75|1185157.5|1.67|-334238.33|-0.16|1.05|0.75|1|0.61|0.63|0.39|0
1593|FIN|FINS|547103|273124|3.42|273979.08|0.92|-855.08|0|0.7000000000000001|0.8300000000000001|2|0.09|0|0|0.27
1594|FIN|FINS|25639537|12616510.67|30.67|13023025.84|6.33|-406515.17|-0.02|0.64|1|0|0.42|0.17|0.39|0.41000000000000003
1595|FIN|FINS|2124407|1036065.83|1.58|1088340.92|4.25|-52275.08|-0.02|0.67|1|0|0.3|0.89|0.6900000000000001|0.05
1596|FIN|FINS|1577420|490276.88|4.67|1087143|3|-596866.13|-0.38|0.98|0.92|1|0|0|0.51|0.21
1597|FIN|FINS|10197349|6157329.27|107.83|4040019.45|2.42|2117309.82|0.21|1.3800000000000001|1|0|0.66|0|0.29|0.36
1598|FIN|FINS|29002099|14585006.66|27.17|14417091.89|208.92000000000002|167914.76|0.01|1.02|1|0|0.66|0.63|0.34|0.18
1599|FIN|FINS|19265378|9864727.17|19.67|9400650.83|7.5|464076.33|0.02|0.42|1|0|0.93|0.01|0.06|0.44
1600|FIN|FINS|181934211|58041534.92|9.92|123892676.48|999.4200000000001|-65851141.56|-0.36|0.52|1|0|0|0|0|0.16
1601|FIN|FINS|75250|33416.67|0.42|41833.33|0.75|-8416.67|-0.11|1.04|0.75|0|0|0.92|0.86|0
1602|FIN|FINS|5197960|2630488.08|20.67|2567472|32.25|63016.08|0.01|0.48|0.5|0|0.06|1|0.93|0
1603|FIN|FINS|1468e4|7025833.33|3.33|7654166.67|3.08|-628333.33|-0.04|0.41000000000000003|1|0|0.99|0.9|0.01|0
1604|FIN|FINS|5081767|4576368.91|1.08|505398.33|3.08|4070970.58|0.8|1.24|0.67|0|0|0|0.2|0.06
1605|FIN|FINS|8052|8051.67|1.17|0|0|8051.67|1|0.46|0.67|2|0.63|0|0|0
1606|FIN|FINS|9511602|4724713.5|4.08|4786888.08|33.08|-62174.58|-0.01|0.8300000000000001|1|0|0|0.01|1|0.06
1607|FIN|FINS|100726767|50065563.42|18.330000000000002|50661203.58|145.17000000000002|-595640.17|-0.01|1.34|1|0|0|0|0.99|0.35000000000000003
1608|FIN|FINS|7267591753|5918205269.24|239.42000000000002|1349386483.38|23015.25|4568818785.86|0.63|0.13|1|0|0|0|0.01|0.19
1609|FIN|FINS|17529854|11696346.25|4.25|5833507.92|0.25|5862838.33|0.33|1.49|0.42|0|0.53|0|0.47000000000000003|0.05
1610|FIN|FINS|7294465|3644402.08|0.75|3650062.5|1.25|-5660.42|0|0.75|0.58|2|0|0|1|0.5
1611|FIN|FINS|1467600|701877.79|12.25|765721.83|1.5|-63844.04|-0.04|0.78|1|0|0.58|0|0.27|0.06
1612|FIN|FINS|10988530|5741193|11.58|5247337|7.58|493856|0.04|0.47000000000000003|1|0|0.18|0.8200000000000001|0.32|0.02
1613|FIN|FINS|37761669|18666674.45|107.08|19094994.58|6|-428320.13|-0.01|0.52|1|0|0.71|0|0.29|0.51
1614|FIN|FINS|160646879|117781425.94|18.330000000000002|42865452.86|145.92000000000002|74915973.08|0.47000000000000003|0.58|1|0|0|0|0|0.19
1615|FIN|FINS|4602255|4364408.77|1|237846.27000000002|0.67|4126562.5|0.9|2.16|0.5|2|0|0|1|0
1616|FIN|FINS|8|8.33|0.08|0|0|8.33|1|0|0.08|0|1|0|0|0
1617|FIN|FINS|8598189|3865467.92|11.17|4732721.28|6.5|-867253.36|-0.1|0.8300000000000001|1|0|0.92|0.56|0.07|0.24
1618|FIN|FINS|19268278|7094629.33|1.67|12173648.58|2.17|-5079019.25|-0.26|0.87|0.75|0|0|0|0.68|0.52
1619|FIN|FINS|738751133|311454532.2|22.080000000000002|427296600.59|292.25|-115842068.39|-0.16|0.42|1|0|0|0|0|0.03
1620|FIN|FINS|434285241|29122077.92|361.5|405163163.08|383.17|-376041085.17|-0.87|0.35000000000000003|1|0|0|0|0.78|0.41000000000000003
1621|FIN|FINS|9640112|4852595.83|11.17|4787515.95|6|65079.880000000005|0.01|0.56|1|0|0.9500000000000001|0.12|0.01|0.35000000000000003
1622|FIN|FINS|7397574|3841992.92|3.08|3555581.42|5.08|286411.5|0.04|0.79|1|0|0.56|0.59|0.38|0.2
1623|FIN|FINS|14180284|7114346.33|6.33|7065938|15.75|48408.33|0|0.48|1|0|0.03|0.77|0.93|0.1
1624|FIN|FINS|22603622|10907250|24.080000000000002|11696372.45|12.83|-789122.4500000001|-0.03|0.56|1|0|0.99|0.41000000000000003|0.01|0.3
1625|FIN|FINS|14497|7248.5|0.08|7248.5|0.08|0|0|0|0.08|4|0|0|0|0.5
1626|FIN|FINS|32024225|16037927.01|7.08|15986297.83|1372.5|51629.18|0|0.68|1|0|0|0|1|0.29
1627|FIN|FINS|43142309|39053229.14|466.58|4089079.67|4.33|34964149.48|0.81|0.87|1|0|0.59|0|0.36|0.08
1628|FIN|FINS|47513676|22869054.13|2.92|24644621.64|2|-1775567.51|-0.04|1.33|1|0|0|0|0.27|0.01
1629|FIN|FINS|8|8.33|0.08|0|0|8.33|1|0|0.08|1|1|0|0|0
1630|FIN|FINS|72099447|36064623.42|0.8300000000000001|36034823.67|0.8300000000000001|29799.75|0|1.75|0.67|1|0|0|1|0.5
1631|FIN|FINS|4293375|41.67|0.08|4293333.33|0.67|-4293291.67|-1|1.41|0.17|2|1|0|0|0
